id,first_name,last_name,email,gender,ip_address
1,Katuscha,Sidary,ksidary0@naver.com,Female,208.19.4.121
2,Adair,Geram,ageram1@un.org,Male,211.179.160.211
3,Zoe,Panniers,zpanniers2@addtoany.com,Female,6.141.92.156
4,Hugo,Boulger,hboulger3@alibaba.com,Male,86.82.239.204
5,Marty,Glashby,mglashby4@drupal.org,Male,247.28.158.26
6,Bree,Clotworthy,bclotworthy5@virginia.edu,Female,77.108.225.246
7,Saul,Abbot,sabbot6@blogs.com,Male,205.54.159.108
8,Ameline,Janaszkiewicz,ajanaszkiewicz7@mapquest.com,Female,124.241.254.64
9,Mair,Greaves,mgreaves8@wunderground.com,Female,81.97.37.6
10,Marina,Lindenbaum,mlindenbaum9@twitter.com,Female,49.112.236.26
11,Helene,McGuffie,hmcguffiea@goodreads.com,Bigender,84.63.101.43
12,Urson,Borit,uboritb@wikimedia.org,Male,49.140.207.155
13,Patricia,Channing,pchanningc@com.com,Genderqueer,136.155.180.174
14,Rorke,Setchell,rsetchelld@bizjournals.com,Male,198.236.135.246
15,Rachel,Arnefield,rarnefielde@blogspot.com,Female,141.115.226.86
16,Aldric,Cohan,acohanf@discovery.com,Male,81.67.87.194
17,Aksel,Chainey,achaineyg@blog.com,Genderfluid,145.80.116.13
18,Aldus,Fessions,afessionsh@sciencedirect.com,Male,45.87.131.10
19,Margarete,Witz,mwitzi@hao123.com,Female,106.177.114.221
20,Saundra,Josuweit,sjosuweitj@rambler.ru,Male,24.104.125.41
21,Cassondra,Howie,chowiek@hao123.com,Female,37.22.86.22
22,Angelico,Tarbard,atarbardl@devhub.com,Male,37.147.4.30
23,Flory,Gooderick,fgooderickm@bloomberg.com,Male,48.15.195.238
24,Issiah,Hobgen,ihobgenn@wikipedia.org,Male,196.34.49.136
25,Emmett,Hazzard,ehazzardo@xrea.com,Male,247.105.249.228
26,Fax,Harrigan,fharriganp@cbslocal.com,Genderfluid,184.24.112.88
27,Jarid,Magor,jmagorq@multiply.com,Male,132.37.121.152
28,Rubina,Foxall,rfoxallr@google.com.br,Female,227.119.82.80
29,Teodora,Trynor,ttrynors@salon.com,Female,183.65.57.64
30,Antony,Lilie,aliliet@123-reg.co.uk,Male,177.249.105.94
31,Adriaens,Kissock,akissocku@ca.gov,Agender,49.43.168.45
32,Alexis,Craven,acravenv@tripod.com,Female,168.135.242.172
33,Adina,Dayne,adaynew@bloglines.com,Female,124.146.22.159
34,Guido,Yuranovev,gyuranovevx@mac.com,Male,177.19.217.52
35,Nikolia,Rapsey,nrapseyy@a8.net,Female,148.187.242.192
36,Sidonia,Timewell,stimewellz@disqus.com,Female,183.55.233.253
37,Cyrill,Hintze,chintze10@opera.com,Male,197.190.207.218
38,Lionel,Gadesby,lgadesby11@nasa.gov,Male,108.72.122.47
39,Malachi,Flew,mflew12@cargocollective.com,Male,116.126.131.146
40,Lianna,Stone Fewings,lstonefewings13@loc.gov,Genderqueer,221.137.161.223
41,Benito,Yardy,byardy14@google.nl,Male,171.235.105.203
42,Errick,Margrem,emargrem15@discuz.net,Male,250.43.179.121
43,Blake,Gisbourn,bgisbourn16@mlb.com,Female,124.202.163.22
44,Anissa,Ovid,aovid17@diigo.com,Genderfluid,201.133.144.127
45,Nicky,Keelan,nkeelan18@google.es,Female,85.103.241.240
46,Ferrell,Giacomelli,fgiacomelli19@ustream.tv,Male,135.231.114.109
47,Ugo,Dyneley,udyneley1a@google.com.hk,Genderqueer,15.26.111.98
48,Elfrida,Frantzen,efrantzen1b@baidu.com,Female,104.236.188.193
49,Sibella,Ovill,sovill1c@mayoclinic.com,Female,150.236.60.35
50,Wyatt,Itskovitz,witskovitz1d@geocities.com,Male,209.240.113.173
51,Clemente,Krauss,ckrauss1e@nba.com,Male,211.68.138.235
52,Vincent,Talby,vtalby1f@ucla.edu,Male,64.144.75.159
53,Freddy,Maryska,fmaryska1g@irs.gov,Male,231.141.253.4
54,Brena,Paulig,bpaulig1h@theatlantic.com,Female,20.178.114.93
55,Dorotea,Board,dboard1i@ocn.ne.jp,Female,127.27.187.132
56,Elana,de Aguirre,edeaguirre1j@techcrunch.com,Female,211.82.130.218
57,Dorine,Cliff,dcliff1k@xing.com,Female,246.130.124.223
58,Gerry,Glawsop,gglawsop1l@ezinearticles.com,Genderqueer,68.28.238.82
59,Henka,Bullent,hbullent1m@histats.com,Genderqueer,70.188.164.74
60,Ewen,Mullard,emullard1n@thetimes.co.uk,Male,123.99.26.127
61,Wallas,Tapsell,wtapsell1o@mapy.cz,Male,91.242.157.233
62,Kerby,Padkin,kpadkin1p@wisc.edu,Male,2.126.157.153
63,Felice,Dedenham,fdedenham1q@unesco.org,Female,135.231.47.185
64,Roberto,Daburn,rdaburn1r@clickbank.net,Male,42.93.100.35
65,Karrah,Pavelin,kpavelin1s@de.vu,Female,95.151.6.6
66,Josephine,Tansey,jtansey1t@youtu.be,Female,59.218.143.228
67,Renado,Jamme,rjamme1u@blogtalkradio.com,Male,3.72.203.103
68,Addi,Gunderson,agunderson1v@technorati.com,Female,72.235.14.242
69,Avictor,Gosnoll,agosnoll1w@hugedomains.com,Male,148.172.135.55
70,Rosy,McCawley,rmccawley1x@plala.or.jp,Female,176.35.240.58
71,Nancee,Ainley,nainley1y@ted.com,Female,113.122.192.183
72,Justin,Scrymgeour,jscrymgeour1z@disqus.com,Male,152.142.123.157
73,Marlon,Akrigg,makrigg20@hubpages.com,Male,28.209.204.15
74,Inglis,McKague,imckague21@over-blog.com,Male,139.67.160.236
75,Clair,Cornfield,ccornfield22@comcast.net,Male,36.43.87.59
76,Dorolisa,Caesman,dcaesman23@earthlink.net,Female,138.39.120.91
77,Alis,Menhci,amenhci24@epa.gov,Female,81.38.164.250
78,Philis,Zaple,pzaple25@irs.gov,Agender,36.0.210.37
79,Jenna,Coggill,jcoggill26@nydailynews.com,Female,198.84.65.84
80,Jemimah,Temple,jtemple27@theguardian.com,Non-binary,91.86.181.214
81,Jeddy,Jiroutka,jjiroutka28@thetimes.co.uk,Male,124.201.202.61
82,Calli,Wardale,cwardale29@oakley.com,Female,142.31.13.202
83,Rodolph,Guerrazzi,rguerrazzi2a@myspace.com,Male,102.39.226.119
84,Kristoforo,Copeman,kcopeman2b@theguardian.com,Male,24.105.102.72
85,Fonzie,Tamblingson,ftamblingson2c@wired.com,Male,72.80.95.82
86,Arlette,Luffman,aluffman2d@google.it,Female,63.159.176.37
87,Eric,Selwood,eselwood2e@cnbc.com,Male,3.96.76.2
88,Loydie,Rivett,lrivett2f@tamu.edu,Genderqueer,29.71.201.191
89,Cynthea,Oxbrough,coxbrough2g@shareasale.com,Female,36.74.142.142
90,Eadith,Kettlestringes,ekettlestringes2h@php.net,Female,128.99.22.215
91,Christian,Chatelain,cchatelain2i@house.gov,Male,125.12.24.56
92,Rolando,Enrietto,renrietto2j@mozilla.org,Male,39.113.61.232
93,Irita,Boat,iboat2k@dagondesign.com,Female,125.140.195.145
94,Avie,Audrey,aaudrey2l@nih.gov,Female,209.132.20.247
95,Desmund,Pitway,dpitway2m@google.com.au,Male,63.167.210.68
96,Leontyne,Hilling,lhilling2n@mit.edu,Female,110.204.65.46
97,Aveline,Thornewill,athornewill2o@meetup.com,Female,120.45.129.164
98,Vikki,Fort,vfort2p@storify.com,Female,12.65.100.155
99,Chrisy,Colcutt,ccolcutt2q@pbs.org,Male,248.226.54.41
100,Regan,Craythorn,rcraythorn2r@businessinsider.com,Female,162.120.18.166
101,Tymothy,Kindleside,tkindleside2s@jiathis.com,Male,73.195.11.65
102,Iggy,Jessep,ijessep2t@clickbank.net,Male,218.246.125.170
103,Reinaldo,Prestwich,rprestwich2u@networkadvertising.org,Male,189.117.55.85
104,Richmond,Brash,rbrash2v@is.gd,Male,235.232.201.233
105,Carlee,Vassel,cvassel2w@acquirethisname.com,Female,127.0.224.113
106,Ruddie,Frid,rfrid2x@techcrunch.com,Male,79.48.170.201
107,Elsy,Bestwall,ebestwall2y@gizmodo.com,Female,53.70.131.24
108,Rasia,Tully,rtully2z@house.gov,Female,85.234.4.170
109,Maggi,Gobourn,mgobourn30@google.com,Female,37.15.212.103
110,Benjamin,Eglin,beglin31@utexas.edu,Male,204.15.5.228
111,Verge,Kermeen,vkermeen32@vimeo.com,Male,52.157.166.178
112,Chester,Itzcovichch,citzcovichch33@purevolume.com,Male,215.220.225.123
113,Floyd,Ormrod,formrod34@si.edu,Male,77.39.57.3
114,Nevil,Gabb,ngabb35@spiegel.de,Male,100.227.114.77
115,Katharine,Timmis,ktimmis36@whitehouse.gov,Female,60.111.76.14
116,Benn,Redmayne,bredmayne37@businesswire.com,Genderqueer,32.127.58.21
117,Jeni,Cauley,jcauley38@nbcnews.com,Female,219.228.90.198
118,Flossy,Thornton,fthornton39@wp.com,Female,142.78.140.112
119,Corina,Maciunas,cmaciunas3a@comsenz.com,Female,60.250.143.13
120,Renie,Pedder,rpedder3b@multiply.com,Female,171.56.191.162
121,Delly,Portal,dportal3c@bluehost.com,Female,89.170.231.9
122,Fielding,Plomer,fplomer3d@oaic.gov.au,Male,28.40.214.28
123,Shep,Cham,scham3e@phpbb.com,Male,43.248.96.24
124,Raphaela,Bowdon,rbowdon3f@4shared.com,Female,13.82.15.60
125,Merralee,McMennum,mmcmennum3g@lulu.com,Female,185.184.247.222
126,Mariel,Soigne,msoigne3h@geocities.com,Female,119.79.222.161
127,Marven,Tilby,mtilby3i@ask.com,Male,111.106.76.34
128,Rik,Checchetelli,rchecchetelli3j@vkontakte.ru,Male,230.40.38.50
129,Ashton,Songhurst,asonghurst3k@de.vu,Male,236.93.158.225
130,Antonie,Grenfell,agrenfell3l@php.net,Female,13.90.222.60
131,Arlie,Dedman,adedman3m@github.com,Female,228.25.245.112
132,Eba,Malkinson,emalkinson3n@google.fr,Agender,184.5.124.222
133,Alejandrina,Leal,aleal3o@yahoo.com,Female,232.143.80.67
134,Yasmin,Pennigar,ypennigar3p@reuters.com,Female,104.132.208.233
135,Pammy,Welbelove,pwelbelove3q@opensource.org,Female,217.81.188.227
136,Goldina,Frantzen,gfrantzen3r@google.es,Female,118.134.186.137
137,Delaney,Jollye,djollye3s@51.la,Male,236.209.229.198
138,Manolo,McConigal,mmcconigal3t@reverbnation.com,Male,124.74.173.241
139,Garvin,Paragreen,gparagreen3u@privacy.gov.au,Male,171.60.206.24
140,Christoper,Lyall,clyall3v@comcast.net,Genderfluid,95.162.93.114
141,Brocky,Ravenscroft,bravenscroft3w@va.gov,Male,53.112.68.113
142,Bernadine,Fleet,bfleet3x@google.com.br,Female,107.167.255.89
143,Adlai,Sanson,asanson3y@rambler.ru,Male,96.185.9.83
144,Claire,Brood,cbrood3z@businessinsider.com,Female,47.21.99.74
145,Claudette,Polotti,cpolotti40@theguardian.com,Female,161.146.3.5
146,Jannel,Dobby,jdobby41@fastcompany.com,Female,141.201.142.231
147,Chauncey,Nieass,cnieass42@simplemachines.org,Male,254.60.129.135
148,Margarita,Gomes,mgomes43@illinois.edu,Female,186.106.211.147
149,Licha,Chasson,lchasson44@microsoft.com,Female,105.115.90.199
150,Iago,Dansken,idansken45@mapquest.com,Male,202.49.105.188
151,Hal,Fettiplace,hfettiplace46@slate.com,Male,26.170.13.51
152,Karim,Otley,kotley47@jigsy.com,Male,130.104.213.222
153,Sybilla,Ranscomb,sranscomb48@oaic.gov.au,Female,241.89.127.76
154,Jareb,Reubens,jreubens49@joomla.org,Male,163.188.107.21
155,Gwenny,Ruffy,gruffy4a@privacy.gov.au,Female,227.66.114.143
156,Warner,Berney,wberney4b@friendfeed.com,Male,103.129.219.139
157,Chicky,Mussard,cmussard4c@nyu.edu,Female,200.10.81.212
158,Marrissa,Gantlett,mgantlett4d@ocn.ne.jp,Female,214.65.88.49
159,Lurette,Jeremaes,ljeremaes4e@state.gov,Female,1.2.228.169
160,Davin,Yarrell,dyarrell4f@moonfruit.com,Male,224.234.181.73
161,Cosimo,Linebarger,clinebarger4g@reference.com,Male,109.158.58.219
162,Lynnea,Noore,lnoore4h@google.fr,Female,210.166.58.231
163,Reinhold,Lehrer,rlehrer4i@google.co.uk,Male,106.36.18.165
164,Irina,Mattisssen,imattisssen4j@hexun.com,Female,227.122.11.142
165,Micki,Tuffley,mtuffley4k@liveinternet.ru,Agender,205.32.80.6
166,Mel,Bullas,mbullas4l@examiner.com,Female,190.86.150.62
167,Janeva,Pyper,jpyper4m@icq.com,Female,147.159.239.105
168,Onida,Crosby,ocrosby4n@infoseek.co.jp,Female,23.26.46.123
169,Welbie,Drinkhill,wdrinkhill4o@amazonaws.com,Male,248.147.50.166
170,Fedora,Americi,famerici4p@seattletimes.com,Female,111.177.121.224
171,Roma,Charsley,rcharsley4q@amazon.com,Male,67.101.220.100
172,Ermanno,Beddo,ebeddo4r@mac.com,Male,67.26.242.229
173,Germayne,Greveson,ggreveson4s@home.pl,Male,75.34.209.170
174,Mitchael,Eberle,meberle4t@tinypic.com,Male,133.60.161.71
175,Danny,McPeeters,dmcpeeters4u@nature.com,Male,158.75.4.205
176,Lennie,Ludovici,lludovici4v@i2i.jp,Male,17.150.118.44
177,Ivan,Denzilow,idenzilow4w@elegantthemes.com,Male,87.47.72.158
178,Trixie,Woollett,twoollett4x@cnet.com,Female,173.95.229.135
179,Mort,Hickisson,mhickisson4y@instagram.com,Male,30.121.53.173
180,Percy,Gowanson,pgowanson4z@google.com,Male,77.22.218.170
181,Cassandry,Dullaghan,cdullaghan50@theguardian.com,Female,60.4.132.70
182,Esmeralda,Bachshell,ebachshell51@chronoengine.com,Female,79.156.193.67
183,Ado,Ogley,aogley52@shutterfly.com,Male,202.130.146.248
184,Jaymee,Pigeram,jpigeram53@cargocollective.com,Female,16.62.166.147
185,Roxy,Cow,rcow54@jimdo.com,Female,76.155.184.146
186,Florina,Worsam,fworsam55@bizjournals.com,Female,136.66.81.170
187,Kit,Vickors,kvickors56@ning.com,Male,135.125.63.240
188,Dinny,Gocke,dgocke57@buzzfeed.com,Female,134.101.224.35
189,Marcella,Goodwell,mgoodwell58@mapquest.com,Female,29.240.131.196
190,Gideon,Mounsie,gmounsie59@loc.gov,Polygender,32.225.186.112
191,Remy,Borghese,rborghese5a@pinterest.com,Female,134.64.229.107
192,Emmye,O'Cannavan,eocannavan5b@time.com,Female,96.63.10.254
193,Devland,Jansie,djansie5c@histats.com,Male,58.31.244.141
194,Bette-ann,Whiteley,bwhiteley5d@friendfeed.com,Bigender,100.6.77.2
195,Giulia,Phipard-Shears,gphipardshears5e@xinhuanet.com,Female,93.9.86.40
196,Rickie,Faragher,rfaragher5f@nyu.edu,Male,171.219.110.220
197,Jordan,Treanor,jtreanor5g@xing.com,Female,88.234.113.33
198,Woodie,Stollhofer,wstollhofer5h@topsy.com,Male,44.160.228.95
199,Gabriellia,Baudichon,gbaudichon5i@multiply.com,Female,21.140.20.77
200,Nicole,Hamman,nhamman5j@mapquest.com,Female,107.156.236.207
201,Juline,Demicoli,jdemicoli5k@photobucket.com,Non-binary,95.82.66.203
202,Charo,Bollans,cbollans5l@ezinearticles.com,Genderfluid,84.19.74.86
203,Guillema,Gatesman,ggatesman5m@wp.com,Female,231.75.100.247
204,Wallace,Shaw,wshaw5n@constantcontact.com,Male,103.1.139.204
205,Lion,Laxon,llaxon5o@about.com,Male,114.9.85.253
206,Auberon,Powis,apowis5p@ucoz.com,Non-binary,7.119.128.80
207,Nissy,Stanyland,nstanyland5q@redcross.org,Female,111.144.229.87
208,Gayleen,Jahns,gjahns5r@typepad.com,Female,112.243.4.190
209,Minta,De Gogay,mdegogay5s@phoca.cz,Female,33.254.3.23
210,Gerianna,Banes,gbanes5t@bloglines.com,Female,195.112.105.144
211,Ilsa,Grima,igrima5u@chronoengine.com,Female,34.72.207.26
212,Willy,Di Pietro,wdipietro5v@spiegel.de,Male,55.125.134.120
213,Lorine,Stammers,lstammers5w@msn.com,Female,183.48.211.53
214,Benjy,Metzke,bmetzke5x@tamu.edu,Polygender,150.116.131.166
215,Monte,Sherburn,msherburn5y@lycos.com,Male,26.49.90.225
216,Bronson,Brave,bbrave5z@flickr.com,Male,57.172.235.165
217,Kettie,Barneville,kbarneville60@wunderground.com,Female,8.150.161.126
218,Antonetta,Tellenbach,atellenbach61@google.ru,Female,29.79.14.162
219,Ash,Obern,aobern62@linkedin.com,Male,173.147.11.7
220,Coralie,Alvar,calvar63@cyberchimps.com,Female,209.15.192.180
221,Hale,Stanaway,hstanaway64@taobao.com,Male,6.101.129.99
222,Kris,Kenwell,kkenwell65@economist.com,Female,168.185.55.71
223,Ashleigh,Cotesford,acotesford66@gizmodo.com,Female,138.124.19.131
224,Francois,Kilfether,fkilfether67@wufoo.com,Male,208.236.148.179
225,Wildon,Stenner,wstenner68@webeden.co.uk,Non-binary,194.37.159.252
226,Nefen,Spileman,nspileman69@photobucket.com,Male,169.205.229.246
227,Perry,Woodyear,pwoodyear6a@wikia.com,Female,178.176.38.142
228,Dulce,Meth,dmeth6b@tumblr.com,Female,24.236.153.79
229,Ola,Gosling,ogosling6c@seesaa.net,Female,234.117.76.105
230,Colver,Mesias,cmesias6d@unblog.fr,Male,28.94.125.106
231,Micheil,Marlen,mmarlen6e@tumblr.com,Male,178.110.159.60
232,Arley,Ineson,aineson6f@sfgate.com,Male,144.50.117.139
233,Fayth,Minerdo,fminerdo6g@businessweek.com,Female,186.152.44.214
234,Bradly,Quixley,bquixley6h@unesco.org,Male,58.14.211.95
235,Ronnie,Clayden,rclayden6i@163.com,Male,109.91.42.19
236,Daryl,Edinburgh,dedinburgh6j@mashable.com,Male,129.127.150.21
237,Abagail,Salisbury,asalisbury6k@wikia.com,Female,85.1.174.214
238,Bayard,Cruse,bcruse6l@sina.com.cn,Male,125.3.31.37
239,Alphonso,Brands,abrands6m@odnoklassniki.ru,Male,125.33.33.2
240,Jonas,Rawcliffe,jrawcliffe6n@jimdo.com,Male,208.7.52.0
241,Kora,Hache,khache6o@addtoany.com,Female,26.242.1.230
242,Baillie,Pennoni,bpennoni6p@un.org,Male,116.98.59.173
243,Claudetta,Muzzini,cmuzzini6q@wufoo.com,Female,126.192.134.80
244,Helen,Dilland,hdilland6r@mysql.com,Female,82.73.177.107
245,Adi,Dalyiel,adalyiel6s@google.it,Genderfluid,16.239.112.184
246,Adair,Gasticke,agasticke6t@is.gd,Male,97.156.222.227
247,Martica,Grahlmans,mgrahlmans6u@cnn.com,Female,29.199.71.128
248,Timmy,Bonifas,tbonifas6v@ask.com,Male,40.83.100.95
249,Kassie,Sawart,ksawart6w@fda.gov,Female,109.157.68.157
250,Salim,Jansky,sjansky6x@dion.ne.jp,Male,212.106.172.38
251,Inesita,Brewood,ibrewood6y@theguardian.com,Female,219.152.218.55
252,Prentice,Topping,ptopping6z@dell.com,Male,31.227.130.230
253,Alvira,Lydster,alydster70@answers.com,Female,11.187.70.0
254,Aggie,Twinborne,atwinborne71@studiopress.com,Non-binary,123.174.31.191
255,Allyn,Chaudrelle,achaudrelle72@microsoft.com,Male,3.72.183.226
256,Farrah,Matysik,fmatysik73@skyrock.com,Female,145.235.227.208
257,Pietra,Elnor,pelnor74@state.gov,Female,53.58.28.2
258,Mollie,Calrow,mcalrow75@unesco.org,Female,140.196.79.8
259,Laetitia,Lowin,llowin76@mashable.com,Female,166.49.247.150
260,Jessy,Allcott,jallcott77@oracle.com,Bigender,24.103.54.46
261,Kristal,Mahaffey,kmahaffey78@usgs.gov,Female,196.242.171.1
262,Wilbur,Pott,wpott79@fda.gov,Male,18.188.167.212
263,Yancy,Kyteley,ykyteley7a@wsj.com,Male,80.94.227.26
264,Morna,Chowne,mchowne7b@mayoclinic.com,Female,62.202.210.202
265,Durant,Balcers,dbalcers7c@cbsnews.com,Male,77.197.28.195
266,Ethelind,Mackilpatrick,emackilpatrick7d@webmd.com,Bigender,94.113.247.137
267,Jacquelynn,Blanchet,jblanchet7e@netvibes.com,Agender,41.48.160.104
268,Salome,Hundy,shundy7f@soundcloud.com,Female,142.38.241.196
269,Sheryl,Rubenchik,srubenchik7g@diigo.com,Female,112.39.208.152
270,Keefer,Blackboro,kblackboro7h@google.pl,Male,140.15.243.70
271,Britte,Calcutt,bcalcutt7i@opera.com,Female,157.109.96.117
272,Adelbert,Jinkin,ajinkin7j@ehow.com,Male,72.1.24.170
273,Colby,Chanders,cchanders7k@merriam-webster.com,Male,4.47.171.253
274,Kimberlyn,Seint,kseint7l@wikimedia.org,Female,232.110.217.219
275,Culley,Baike,cbaike7m@home.pl,Male,211.242.43.235
276,Aldis,Warrender,awarrender7n@wikimedia.org,Male,245.11.78.54
277,Dukey,Bottomer,dbottomer7o@domainmarket.com,Male,3.54.198.8
278,Maribelle,Moine,mmoine7p@shop-pro.jp,Female,75.32.183.241
279,Penni,Bulch,pbulch7q@thetimes.co.uk,Female,126.88.122.59
280,Lacee,Boxell,lboxell7r@dailymotion.com,Female,125.213.167.90
281,Judie,Bickerstasse,jbickerstasse7s@hibu.com,Female,156.169.91.76
282,Tricia,Deppe,tdeppe7t@google.fr,Female,127.183.171.149
283,Ivar,Mayzes,imayzes7u@istockphoto.com,Male,27.116.170.217
284,Jillene,Sabey,jsabey7v@devhub.com,Female,23.92.113.65
285,Allis,O' Liddy,aoliddy7w@merriam-webster.com,Female,72.130.132.118
286,Reuven,Yaneev,ryaneev7x@t-online.de,Male,19.127.91.255
287,Eberhard,Klassmann,eklassmann7y@upenn.edu,Genderqueer,245.81.17.234
288,John,Rabbe,jrabbe7z@github.io,Male,54.253.157.121
289,Aube,Raund,araund80@who.int,Male,121.37.3.201
290,Padraic,Megroff,pmegroff81@abc.net.au,Male,166.51.174.68
291,Kelcey,McComas,kmccomas82@scientificamerican.com,Female,106.45.216.193
292,Vassily,Heinrich,vheinrich83@comcast.net,Male,19.151.47.53
293,Leyla,Wale,lwale84@unesco.org,Female,123.100.122.107
294,Blaine,Sessuns,bsessuns85@cbc.ca,Male,62.41.20.48
295,Aryn,Petworth,apetworth86@nhs.uk,Female,239.253.195.190
296,Gregoire,Birtwistle,gbirtwistle87@gnu.org,Male,219.206.160.78
297,Wallis,Axtonne,waxtonne88@mit.edu,Male,228.100.89.140
298,Sherlock,Danev,sdanev89@sciencedaily.com,Male,31.6.187.54
299,Phoebe,Ianinotti,pianinotti8a@si.edu,Female,196.35.239.159
300,Michel,Hargrave,mhargrave8b@epa.gov,Female,121.152.205.121
301,Claresta,Raincin,craincin8c@sogou.com,Female,102.201.35.44
302,Rutger,Bradley,rbradley8d@europa.eu,Male,24.150.61.103
303,Derwin,Seagrove,dseagrove8e@woothemes.com,Male,237.127.74.70
304,Gerick,Albone,galbone8f@eepurl.com,Male,58.193.17.12
305,Kimmi,Dundendale,kdundendale8g@mit.edu,Female,209.61.172.27
306,Katine,Mulroy,kmulroy8h@hc360.com,Female,61.14.88.155
307,Tarra,Riddock,triddock8i@mashable.com,Female,16.166.31.34
308,Ally,Giraudat,agiraudat8j@intel.com,Female,202.5.61.66
309,Bryna,Risborough,brisborough8k@ebay.co.uk,Female,144.181.68.4
310,Cortney,Wrankmore,cwrankmore8l@nationalgeographic.com,Female,72.230.20.189
311,Charita,Bradnock,cbradnock8m@tmall.com,Female,213.103.178.206
312,Helenelizabeth,Scherer,hscherer8n@timesonline.co.uk,Female,50.182.201.191
313,Brnaby,Antoshin,bantoshin8o@cornell.edu,Male,204.213.174.231
314,Dulsea,Gossart,dgossart8p@pcworld.com,Female,97.204.81.46
315,Rolando,Riping,rriping8q@goodreads.com,Male,83.83.30.140
316,Shandra,Ham,sham8r@blogtalkradio.com,Female,144.69.216.237
317,Tiffani,MacCosto,tmaccosto8s@alexa.com,Female,99.145.44.61
318,Bernadette,Alsopp,balsopp8t@google.com.br,Female,166.112.111.136
319,Creighton,Blann,cblann8u@miibeian.gov.cn,Male,232.250.212.186
320,Barbara,Skyner,bskyner8v@biglobe.ne.jp,Non-binary,103.160.162.127
321,Clara,Jobe,cjobe8w@angelfire.com,Female,220.5.251.104
322,Malvin,Tims,mtims8x@independent.co.uk,Male,185.232.139.36
323,Siouxie,Yitzhakov,syitzhakov8y@addtoany.com,Female,226.225.142.226
324,Jacki,Guirardin,jguirardin8z@wikispaces.com,Female,115.101.224.81
325,Mandel,Elvidge,melvidge90@upenn.edu,Male,54.192.69.65
326,Zelda,Culp,zculp91@umich.edu,Female,235.233.33.54
327,Coralyn,Hyland,chyland92@nba.com,Female,200.107.80.193
328,Arie,Towers,atowers93@yahoo.co.jp,Male,24.143.229.198
329,Noreen,Jeynes,njeynes94@accuweather.com,Female,167.33.242.208
330,Forbes,Chaucer,fchaucer95@loc.gov,Male,107.79.144.64
331,Gennie,Bartell,gbartell96@sbwire.com,Genderfluid,0.144.65.183
332,Bernete,McLelland,bmclelland97@bigcartel.com,Female,22.163.6.98
333,Benjie,Hillborne,bhillborne98@icq.com,Male,174.166.120.119
334,Janet,Botley,jbotley99@state.tx.us,Female,52.54.79.192
335,Alia,Rudsdell,arudsdell9a@google.com.br,Female,5.188.129.8
336,Janifer,Bellis,jbellis9b@imgur.com,Female,37.241.32.90
337,Kristi,Duplan,kduplan9c@bravesites.com,Female,126.93.1.143
338,Randi,Darte,rdarte9d@bravesites.com,Female,247.165.235.171
339,Briny,Clemmens,bclemmens9e@spotify.com,Genderfluid,1.226.241.143
340,Ossie,Lavington,olavington9f@wiley.com,Male,164.163.27.72
341,Dav,Cristoforetti,dcristoforetti9g@gnu.org,Bigender,84.68.157.125
342,Brooke,Tregian,btregian9h@amazonaws.com,Male,1.205.102.155
343,Stefania,Yekel,syekel9i@macromedia.com,Female,15.15.57.166
344,Melli,Whimper,mwhimper9j@samsung.com,Female,25.146.70.114
345,Page,Verduin,pverduin9k@skyrock.com,Male,58.35.146.47
346,Tadio,Craddock,tcraddock9l@china.com.cn,Male,65.148.74.181
347,Alisander,Cowsby,acowsby9m@hostgator.com,Male,55.216.136.93
348,Noami,Zoephel,nzoephel9n@cafepress.com,Female,40.67.155.183
349,Gaven,Noel,gnoel9o@irs.gov,Male,239.168.136.41
350,Constantino,Iredell,ciredell9p@discovery.com,Male,165.20.205.17
351,Ibrahim,Harrowsmith,iharrowsmith9q@storify.com,Male,53.20.24.204
352,Maurise,Latham,mlatham9r@hibu.com,Male,123.35.67.148
353,Ly,Chaffin,lchaffin9s@google.es,Genderfluid,14.210.68.251
354,Levy,Kubu,lkubu9t@amazon.com,Male,54.145.132.160
355,Anne-corinne,Reskelly,areskelly9u@w3.org,Female,187.210.127.207
356,Rochette,Hayler,rhayler9v@google.com.br,Female,20.129.213.219
357,Gualterio,Flemyng,gflemyng9w@amazon.de,Genderqueer,164.26.241.40
358,Cori,Montier,cmontier9x@usnews.com,Male,141.101.53.56
359,Lenore,Brum,lbrum9y@ask.com,Female,85.175.162.194
360,Tyrus,January,tjanuary9z@mlb.com,Male,211.34.19.243
361,Millisent,Campbell,mcampbella0@shop-pro.jp,Female,224.159.64.101
362,Welby,Blaasch,wblaascha1@about.me,Male,83.238.229.199
363,Ketti,Kirdsch,kkirdscha2@lulu.com,Female,124.240.24.46
364,Heywood,Brindley,hbrindleya3@1und1.de,Male,91.7.91.236
365,Gilburt,Buxsy,gbuxsya4@eepurl.com,Male,234.207.112.223
366,Irita,Malbon,imalbona5@un.org,Female,222.230.43.23
367,Celestyn,Beaument,cbeaumenta6@dedecms.com,Female,63.227.171.77
368,Germain,Zanassi,gzanassia7@redcross.org,Male,38.222.221.71
369,Kristi,De Cruce,kdecrucea8@mtv.com,Genderfluid,76.194.99.155
370,Devin,Worral,dworrala9@state.gov,Female,159.94.39.238
371,Ware,Banner,wbanneraa@foxnews.com,Male,68.175.38.254
372,Aurie,Macklin,amacklinab@amazonaws.com,Bigender,196.190.57.212
373,Kore,Romero,kromeroac@usa.gov,Non-binary,88.193.194.116
374,Rees,Kusick,rkusickad@answers.com,Male,240.247.189.200
375,Brian,Holsey,bholseyae@ft.com,Male,55.16.50.2
376,Dorothy,Halleybone,dhalleyboneaf@mac.com,Female,3.210.2.174
377,Irvin,Trainor,itrainorag@canalblog.com,Male,74.96.171.37
378,Ursuline,Amorts,uamortsah@diigo.com,Female,95.255.36.196
379,Esmeralda,Ailmer,eailmerai@nyu.edu,Non-binary,22.80.160.222
380,Lane,Adan,ladanaj@economist.com,Female,143.166.96.170
381,Blisse,Ruck,bruckak@cocolog-nifty.com,Female,37.37.210.105
382,Nonna,Crookshank,ncrookshankal@mayoclinic.com,Female,16.214.239.98
383,Matthieu,Vasilic,mvasilicam@unc.edu,Male,81.250.127.62
384,Theresita,Nelle,tnellean@uol.com.br,Female,148.31.249.128
385,Wright,Benez,wbenezao@upenn.edu,Male,33.174.148.191
386,Trisha,Kilsby,tkilsbyap@huffingtonpost.com,Bigender,35.146.3.0
387,Eal,Houlden,ehouldenaq@gizmodo.com,Male,181.109.224.64
388,Arleen,Durtnell,adurtnellar@fotki.com,Female,178.204.13.16
389,Trever,Scruby,tscrubyas@stanford.edu,Male,164.86.156.75
390,Jeanie,Tuite,jtuiteat@usatoday.com,Non-binary,206.101.210.58
391,Jacinthe,Tanby,jtanbyau@mit.edu,Agender,80.129.228.119
392,Ilise,Scougal,iscougalav@webeden.co.uk,Female,230.231.51.18
393,Margalit,Willingam,mwillingamaw@nydailynews.com,Female,13.197.99.81
394,Tobey,Mapes,tmapesax@google.nl,Female,203.204.93.125
395,Birgit,Musto,bmustoay@t-online.de,Female,207.250.241.35
396,Lotta,Bruggen,lbruggenaz@mediafire.com,Female,3.244.140.2
397,Wye,Gregan,wgreganb0@home.pl,Male,140.46.17.86
398,Constantine,Charrisson,ccharrissonb1@addtoany.com,Female,136.9.176.16
399,Dean,Quarrington,dquarringtonb2@xrea.com,Male,36.184.49.5
400,Suki,Cullerne,scullerneb3@cbslocal.com,Female,212.214.128.234
401,Em,Mazonowicz,emazonowiczb4@tripod.com,Male,237.219.45.117
402,Emelita,Cumberlidge,ecumberlidgeb5@bloomberg.com,Female,203.138.14.0
403,Margette,Wadly,mwadlyb6@examiner.com,Female,199.61.41.8
404,Fielding,Skyppe,fskyppeb7@irs.gov,Polygender,224.247.246.22
405,Angie,Spira,aspirab8@usnews.com,Male,48.0.209.108
406,Mahalia,Nawton,mnawtonb9@thetimes.co.uk,Genderfluid,173.214.234.70
407,Jethro,Curado,jcuradoba@tuttocitta.it,Male,221.191.6.110
408,Babbie,Clemett,bclemettbb@dedecms.com,Female,242.36.55.229
409,Sauveur,Terbrug,sterbrugbc@marketwatch.com,Male,162.223.235.123
410,Evita,Whimpenny,ewhimpennybd@wisc.edu,Female,97.223.147.240
411,Mary,Messruther,mmessrutherbe@elpais.com,Female,123.142.251.153
412,Bethena,Blabey,bblabeybf@deviantart.com,Female,99.65.86.177
413,Cecilio,Cotilard,ccotilardbg@vistaprint.com,Male,74.131.83.159
414,Sydel,Couch,scouchbh@yale.edu,Female,223.50.243.181
415,Frederich,Snooks,fsnooksbi@omniture.com,Male,85.91.141.111
416,Alain,Vickerman,avickermanbj@npr.org,Genderfluid,66.162.4.37
417,Felicio,Ferries,fferriesbk@wp.com,Male,57.207.17.149
418,Skipton,Gerasch,sgeraschbl@de.vu,Male,64.34.184.188
419,Nertie,Webland,nweblandbm@icio.us,Female,77.41.81.100
420,Cammi,Kerfut,ckerfutbn@technorati.com,Female,74.51.7.190
421,Orren,Austick,oaustickbo@weibo.com,Male,181.22.135.8
422,Stormi,Micheu,smicheubp@google.fr,Female,146.71.152.250
423,Laurice,Pearman,lpearmanbq@qq.com,Female,47.73.232.173
424,Jan,Virr,jvirrbr@fda.gov,Bigender,105.212.21.91
425,Sean,Soppit,ssoppitbs@msn.com,Female,171.16.236.19
426,Pat,McNeilly,pmcneillybt@imageshack.us,Female,240.140.61.202
427,Evangelina,Ashman,eashmanbu@homestead.com,Female,14.25.114.255
428,Vergil,Hawick,vhawickbv@addthis.com,Male,244.199.68.254
429,Rosalinda,Preston,rprestonbw@creativecommons.org,Female,55.48.87.54
430,Gavra,Sutherington,gsutheringtonbx@ucsd.edu,Female,199.197.16.132
431,Marsh,Ellacombe,mellacombeby@xing.com,Male,36.132.147.148
432,Alvan,Codron,acodronbz@epa.gov,Male,172.23.191.146
433,Dru,Bandey,dbandeyc0@histats.com,Female,147.210.57.252
434,Zeb,Fleg,zflegc1@chicagotribune.com,Male,201.203.69.121
435,Davon,McKirton,dmckirtonc2@sbwire.com,Male,138.91.124.179
436,Ring,Nugent,rnugentc3@bizjournals.com,Male,223.227.216.106
437,Philomena,Arnfield,parnfieldc4@cbslocal.com,Female,25.255.174.96
438,Arlen,Groger,agrogerc5@reverbnation.com,Male,127.123.205.11
439,Avril,Merida,ameridac6@ed.gov,Female,234.62.245.87
440,Gunilla,Lyne,glynec7@soup.io,Female,157.46.207.2
441,Franny,Phythien,fphythienc8@usa.gov,Male,195.64.77.131
442,Lexis,Pawley,lpawleyc9@purevolume.com,Non-binary,70.122.184.252
443,Roscoe,Tarborn,rtarbornca@sphinn.com,Male,95.177.102.218
444,Domini,Rayhill,drayhillcb@jiathis.com,Female,17.231.113.87
445,Charlean,Figures,cfigurescc@imdb.com,Genderfluid,45.41.96.239
446,Judye,Manchester,jmanchestercd@networkadvertising.org,Female,247.233.176.81
447,Inga,Sawood,isawoodce@ca.gov,Female,220.248.2.83
448,Gustaf,St. Quintin,gstquintincf@163.com,Male,35.46.34.200
449,Jan,Costigan,jcostigancg@cafepress.com,Female,157.189.23.142
450,Kara-lynn,Trobe,ktrobech@privacy.gov.au,Female,94.128.184.132
451,Claudette,Hogbin,chogbinci@epa.gov,Female,218.40.127.233
452,Matilda,Jolliffe,mjolliffecj@sciencedirect.com,Female,68.185.127.12
453,Nealson,Somerton,nsomertonck@ucla.edu,Male,238.215.10.67
454,Bathsheba,Sambidge,bsambidgecl@theglobeandmail.com,Female,227.62.184.157
455,Earl,Neillans,eneillanscm@soup.io,Male,20.79.19.29
456,Trevor,Emmanuele,temmanuelecn@ebay.com,Male,2.112.143.255
457,Curcio,Collyns,ccollynsco@whitehouse.gov,Male,254.158.127.0
458,Isabella,Haliburton,ihaliburtoncp@sbwire.com,Female,145.30.184.36
459,Maegan,Rolfe,mrolfecq@livejournal.com,Female,63.98.121.245
460,Delcine,Lars,dlarscr@jimdo.com,Female,79.141.125.179
461,Jodie,Clackson,jclacksoncs@archive.org,Male,56.149.144.20
462,Jeremy,Gainforth,jgainforthct@nifty.com,Male,148.54.100.243
463,Virgina,Oluwatoyin,voluwatoyincu@accuweather.com,Female,30.84.28.199
464,Jonathan,Sked,jskedcv@redcross.org,Male,173.83.174.68
465,Koren,Skinley,kskinleycw@wordpress.com,Non-binary,120.11.219.247
466,Janice,Helliwell,jhelliwellcx@si.edu,Female,172.38.105.158
467,Evered,Bront,ebrontcy@un.org,Male,210.242.246.177
468,Gabriele,Feaveer,gfeaveercz@skyrock.com,Male,46.111.228.160
469,Conrado,Loving,clovingd0@typepad.com,Male,147.75.135.19
470,Randi,Durrance,rdurranced1@xrea.com,Female,133.25.163.136
471,Shep,McGiffin,smcgiffind2@jalbum.net,Genderfluid,218.194.230.182
472,Ody,Doctor,odoctord3@plala.or.jp,Male,119.17.129.158
473,Clim,Cruden,ccrudend4@examiner.com,Male,181.254.123.121
474,Candida,McMillan,cmcmilland5@boston.com,Female,43.115.221.115
475,Malia,Drain,mdraind6@elpais.com,Female,211.223.12.35
476,Donavon,Tomasek,dtomasekd7@mapquest.com,Genderfluid,246.241.113.104
477,Cordy,Morland,cmorlandd8@ox.ac.uk,Female,227.56.45.104
478,Eada,Lovelady,eloveladyd9@odnoklassniki.ru,Female,134.74.162.255
479,Albina,Cosens,acosensda@google.ca,Female,54.189.117.132
480,Dulcia,Gilhool,dgilhooldb@mayoclinic.com,Female,43.9.213.199
481,Stanislaw,Excell,sexcelldc@blog.com,Male,19.83.128.233
482,Symon,Thorbon,sthorbondd@businesswire.com,Male,252.18.58.60
483,Christiano,Ghio,cghiode@uol.com.br,Male,172.191.215.80
484,Alric,Addionizio,aaddioniziodf@elpais.com,Male,148.80.189.183
485,Louella,Asple,laspledg@ovh.net,Non-binary,164.149.185.207
486,Beaufort,Bilsborrow,bbilsborrowdh@webnode.com,Male,96.69.60.179
487,Rana,Ivanishev,rivanishevdi@sohu.com,Female,7.54.54.192
488,Hamlin,Woolmington,hwoolmingtondj@auda.org.au,Male,198.159.89.190
489,Jethro,Whybrow,jwhybrowdk@blogger.com,Male,151.56.251.53
490,Melisent,Exell,mexelldl@fema.gov,Female,125.40.64.73
491,Dory,Acklands,dacklandsdm@yolasite.com,Male,253.180.2.171
492,Polly,MacMillan,pmacmillandn@soundcloud.com,Female,73.122.69.152
493,Marven,Saxton,msaxtondo@ow.ly,Male,146.242.192.46
494,Borden,Cain,bcaindp@etsy.com,Male,94.235.106.101
495,Westbrooke,Coning,wconingdq@sphinn.com,Male,102.71.196.190
496,Norri,Bleasdale,nbleasdaledr@jalbum.net,Female,76.148.214.250
497,Sauveur,Moyes,smoyesds@mac.com,Male,102.36.147.28
498,Abey,McTrustey,amctrusteydt@nydailynews.com,Male,43.167.85.98
499,Karlie,Dungay,kdungaydu@scribd.com,Female,44.196.233.119
500,Roddie,Jachimak,rjachimakdv@patch.com,Male,71.15.223.44
501,Gasparo,Phillpotts,gphillpottsdw@elpais.com,Male,230.203.210.58
502,Ilaire,Ridel,irideldx@imgur.com,Male,97.239.167.194
503,Tabbatha,Strongman,tstrongmandy@feedburner.com,Female,41.7.114.208
504,Blayne,Smail,bsmaildz@macromedia.com,Male,56.84.123.242
505,Welch,Solland,wsollande0@census.gov,Male,100.37.230.118
506,Gerardo,Fynan,gfynane1@yandex.ru,Male,39.109.29.141
507,Noach,Cherry,ncherrye2@domainmarket.com,Male,68.120.173.221
508,Earle,Finnie,efinniee3@uiuc.edu,Male,99.100.57.163
509,Margaretta,Poge,mpogee4@shareasale.com,Female,218.223.158.14
510,Alleyn,Elsegood,aelsegoode5@census.gov,Male,134.36.250.80
511,Maressa,Klimentyonok,mklimentyonoke6@imgur.com,Polygender,176.56.154.209
512,Morty,Deniskevich,mdeniskeviche7@oaic.gov.au,Male,137.253.219.117
513,Gaynor,Apark,gaparke8@reddit.com,Female,236.191.124.52
514,Ralph,Cowell,rcowelle9@webeden.co.uk,Male,203.141.214.93
515,Coop,Lerway,clerwayea@delicious.com,Male,155.126.206.41
516,Bryan,Kubach,bkubacheb@de.vu,Male,252.235.136.224
517,Waylan,Tristram,wtristramec@ycombinator.com,Male,242.235.142.143
518,Dukie,Tighe,dtigheed@webeden.co.uk,Male,197.163.117.139
519,Alistair,Whiting,awhitingee@google.com.br,Male,38.39.172.219
520,Bunnie,Hildred,bhildredef@barnesandnoble.com,Female,178.54.63.18
521,Ximenes,Cholwell,xcholwelleg@google.es,Genderqueer,235.23.240.26
522,Inger,Prothero,iprotheroeh@ifeng.com,Male,5.191.176.182
523,Gamaliel,Vogl,gvoglei@digg.com,Male,217.61.229.231
524,Adrea,Cammack,acammackej@epa.gov,Female,91.213.81.158
525,Arley,Fumagalli,afumagalliek@github.com,Male,106.41.249.93
526,Maynord,Chadwick,mchadwickel@mac.com,Male,66.176.81.149
527,Gwenette,Cristofari,gcristofariem@wufoo.com,Female,252.213.2.100
528,Clerissa,Bangham,cbanghamen@symantec.com,Female,189.241.113.42
529,Chrissy,Ewestace,cewestaceeo@geocities.jp,Male,50.135.194.137
530,Irena,Joselson,ijoselsonep@examiner.com,Female,112.79.89.114
531,Jerrylee,Korneichik,jkorneichikeq@omniture.com,Female,179.82.251.227
532,Alleyn,Poncet,aponceter@addtoany.com,Male,114.158.235.153
533,Amble,Dumberell,adumberelles@xrea.com,Male,78.98.186.210
534,Latia,Bramall,lbramallet@tamu.edu,Female,170.212.83.134
535,Annabel,Crocken,acrockeneu@tinyurl.com,Female,186.191.193.255
536,Augustine,Aguirrezabala,aaguirrezabalaev@wikimedia.org,Female,68.178.37.210
537,Beck,Nicklin,bnicklinew@unicef.org,Male,35.113.112.238
538,Wilmette,Wemyss,wwemyssex@topsy.com,Female,65.181.206.106
539,Sheila,Lawerence,slawerenceey@nationalgeographic.com,Female,26.34.62.218
540,Cynthy,Gooble,cgoobleez@ehow.com,Female,83.231.216.201
541,Karlyn,Hinckley,khinckleyf0@sakura.ne.jp,Female,225.46.211.35
542,Chrisy,Itzcovich,citzcovichf1@mediafire.com,Male,53.115.115.12
543,Modestine,Gobeaux,mgobeauxf2@irs.gov,Female,73.226.112.100
544,Jareb,Matusevich,jmatusevichf3@miitbeian.gov.cn,Male,85.208.185.121
545,Klarika,Figures,kfiguresf4@paginegialle.it,Female,219.62.188.13
546,Theda,O'Connolly,toconnollyf5@fema.gov,Female,172.13.8.213
547,Kala,Fernanando,kfernanandof6@mapquest.com,Female,44.171.159.142
548,Waldo,Romaines,wromainesf7@imageshack.us,Male,91.198.211.208
549,Graehme,Schumacher,gschumacherf8@sohu.com,Male,252.211.148.254
550,Letitia,Nerval,lnervalf9@mac.com,Female,225.127.205.7
551,Silvan,Derr,sderrfa@nytimes.com,Male,129.176.255.44
552,Kaja,Humpherston,khumpherstonfb@skyrock.com,Female,38.219.151.68
553,Bernetta,Manhare,bmanharefc@businessinsider.com,Female,212.136.84.54
554,Brockie,Ferrar,bferrarfd@theatlantic.com,Male,219.74.123.159
555,Basilio,Boldt,bboldtfe@naver.com,Male,91.236.75.170
556,Sula,Yellop,syellopff@gov.uk,Female,111.132.153.92
557,Rodolfo,Learoid,rlearoidfg@elpais.com,Male,102.79.53.178
558,Saundra,Billson,sbillsonfh@furl.net,Genderfluid,134.118.158.80
559,Hestia,Cheney,hcheneyfi@bbc.co.uk,Female,16.176.234.62
560,Rand,Brill,rbrillfj@jalbum.net,Male,161.217.139.200
561,Holli,Quartermain,hquartermainfk@usgs.gov,Female,31.233.218.195
562,Gunter,Headford,gheadfordfl@linkedin.com,Male,124.83.161.158
563,Birk,Cashford,bcashfordfm@blog.com,Male,220.228.236.10
564,Parrnell,Hayto,phaytofn@com.com,Male,222.47.65.169
565,Dino,Veld,dveldfo@theguardian.com,Male,155.223.121.184
566,Jamaal,Tithecote,jtithecotefp@usnews.com,Male,8.35.58.150
567,Idelle,Meates,imeatesfq@squarespace.com,Female,188.45.76.222
568,Charlot,Whyke,cwhykefr@china.com.cn,Female,114.60.217.160
569,Wilma,Merchant,wmerchantfs@hao123.com,Female,10.242.15.85
570,Lisle,Paull,lpaullft@weather.com,Male,133.135.27.169
571,Morley,Levesley,mlevesleyfu@tamu.edu,Male,73.148.142.22
572,Carri,Kunz,ckunzfv@bbc.co.uk,Female,236.191.210.223
573,Leanna,Berkery,lberkeryfw@hao123.com,Female,179.98.178.89
574,Enrico,Hedlestone,ehedlestonefx@elpais.com,Male,149.239.16.31
575,Duncan,Dicks,ddicksfy@ehow.com,Male,204.193.120.137
576,Bent,McElmurray,bmcelmurrayfz@mysql.com,Male,118.131.206.83
577,Penn,Ritchings,pritchingsg0@google.com.br,Male,173.50.24.175
578,Arel,Peery,apeeryg1@1und1.de,Male,158.27.98.201
579,Eartha,Dix,edixg2@samsung.com,Female,88.220.11.73
580,Noella,Critchlow,ncritchlowg3@elegantthemes.com,Female,222.30.244.237
581,Vito,Brandolini,vbrandolinig4@acquirethisname.com,Male,142.124.57.87
582,Salem,Doveston,sdovestong5@wisc.edu,Male,33.198.213.229
583,Patsy,Barck,pbarckg6@technorati.com,Male,156.239.79.10
584,Genevra,Ceschi,gceschig7@wufoo.com,Female,217.124.61.175
585,Merrill,Skillington,mskillingtong8@nymag.com,Genderfluid,15.220.248.99
586,Meg,Abrahams,mabrahamsg9@guardian.co.uk,Female,253.117.183.131
587,Corrinne,Cariss,ccarissga@sbwire.com,Female,207.90.235.38
588,Brion,Jaumet,bjaumetgb@biglobe.ne.jp,Male,189.4.123.9
589,Kenton,Fullard,kfullardgc@hp.com,Male,222.10.42.8
590,Perren,Bainbrigge,pbainbriggegd@apple.com,Male,216.212.78.232
591,Tybi,Yanuk,tyanukge@livejournal.com,Female,123.138.244.155
592,Pearle,Josofovitz,pjosofovitzgf@uol.com.br,Female,43.35.185.68
593,Crista,Ledram,cledramgg@apache.org,Female,88.26.180.160
594,Noam,Glide,nglidegh@sun.com,Male,4.146.218.44
595,Wynne,Buddleigh,wbuddleighgi@tripadvisor.com,Female,143.140.235.19
596,Sheppard,Bodley,sbodleygj@hibu.com,Male,212.63.109.6
597,Nap,Skip,nskipgk@fema.gov,Male,41.254.201.146
598,Eda,Mecco,emeccogl@senate.gov,Female,128.72.227.106
599,Blake,Fullylove,bfullylovegm@stumbleupon.com,Female,75.24.72.223
600,Myrvyn,Soares,msoaresgn@odnoklassniki.ru,Male,238.182.82.236
601,Granthem,Kener,gkenergo@networkadvertising.org,Male,175.5.122.122
602,Doris,Delhanty,ddelhantygp@networkadvertising.org,Female,58.158.115.98
603,Vanya,Braxton,vbraxtongq@flavors.me,Male,43.72.40.64
604,Audrye,Elsey,aelseygr@bluehost.com,Female,151.230.249.236
605,Quinn,Denyer,qdenyergs@github.com,Female,177.107.0.80
606,Carline,Goodier,cgoodiergt@google.com.au,Female,207.185.76.115
607,Tyrone,Hedworth,thedworthgu@ameblo.jp,Male,170.110.102.24
608,Elysee,Brimley,ebrimleygv@si.edu,Female,206.227.254.232
609,Izabel,Albin,ialbingw@fema.gov,Polygender,162.237.153.94
610,Malvina,Lief,mliefgx@cbsnews.com,Female,155.116.144.38
611,Lionello,Chadbourn,lchadbourngy@lulu.com,Male,46.233.46.194
612,Bartie,Vayro,bvayrogz@blogspot.com,Male,186.149.66.114
613,Nariko,Gager,ngagerh0@youtu.be,Female,162.46.194.254
614,Newton,Jonah,njonahh1@google.ru,Male,243.201.11.93
615,Demetris,Brumhead,dbrumheadh2@cornell.edu,Male,237.51.6.70
616,Clayson,Knightly,cknightlyh3@i2i.jp,Male,85.119.46.197
617,Mala,Clifforth,mclifforthh4@slideshare.net,Female,144.94.23.223
618,Ellswerth,Filinkov,efilinkovh5@businessweek.com,Male,226.77.169.209
619,Marianna,Mardall,mmardallh6@comcast.net,Female,77.167.170.173
620,Ivette,Ruttgers,iruttgersh7@free.fr,Female,151.139.2.239
621,Claiborn,Terrey,cterreyh8@berkeley.edu,Male,215.84.36.94
622,Theobald,Cathesyed,tcathesyedh9@nba.com,Agender,32.64.208.16
623,Simon,Cowe,scoweha@google.com.hk,Male,178.125.157.210
624,Ondrea,O'Cridigan,oocridiganhb@nydailynews.com,Female,68.66.109.121
625,Ragnar,Eliyahu,reliyahuhc@discuz.net,Bigender,228.110.79.132
626,Vergil,Bum,vbumhd@twitpic.com,Male,62.60.213.235
627,Zita,Jordanson,zjordansonhe@uol.com.br,Female,225.113.199.207
628,Duffy,Bissell,dbissellhf@linkedin.com,Male,172.125.98.186
629,Carma,Agglio,caggliohg@taobao.com,Female,219.72.139.198
630,Christos,Gummery,cgummeryhh@google.ca,Male,240.214.26.190
631,Chrysa,Tomaszczyk,ctomaszczykhi@blinklist.com,Female,73.177.201.85
632,Neysa,Playfoot,nplayfoothj@nationalgeographic.com,Female,201.249.107.23
633,Nancy,Schooling,nschoolinghk@squidoo.com,Female,155.168.114.92
634,Skip,Orleton,sorletonhl@jimdo.com,Male,144.30.204.63
635,Odilia,Greenleaf,ogreenleafhm@utexas.edu,Female,182.161.50.253
636,Ettore,Sloan,esloanhn@cdbaby.com,Male,109.82.138.111
637,Mellisent,Duigan,mduiganho@cbslocal.com,Female,224.2.1.201
638,Kristian,Chapellow,kchapellowhp@umn.edu,Male,32.106.192.100
639,Trevar,Eccleston,tecclestonhq@hexun.com,Male,95.168.217.52
640,Douglass,Chevin,dchevinhr@cbc.ca,Male,60.6.22.225
641,Katherina,Busby,kbusbyhs@youku.com,Bigender,170.242.166.62
642,Koenraad,Erett,kerettht@harvard.edu,Male,50.184.187.80
643,Janek,Ubsdale,jubsdalehu@soup.io,Male,125.165.2.74
644,Morse,Petrecz,mpetreczhv@typepad.com,Male,187.229.71.27
645,Gottfried,Proby,gprobyhw@photobucket.com,Male,9.17.66.104
646,Jeromy,Climer,jclimerhx@baidu.com,Male,70.151.180.154
647,Marian,Yarnton,myarntonhy@surveymonkey.com,Female,176.62.34.167
648,Virgil,Albro,valbrohz@blogger.com,Male,48.125.23.134
649,Emmalynn,Doutch,edoutchi0@ehow.com,Female,62.187.88.137
650,Haywood,Bristow,hbristowi1@lycos.com,Male,184.43.29.225
651,Irena,Crebott,icrebotti2@godaddy.com,Female,194.156.123.16
652,Russell,Downs,rdownsi3@ucla.edu,Male,213.72.34.224
653,Davin,Asquith,dasquithi4@skyrock.com,Male,7.148.133.34
654,Emmott,Ferencz,eferenczi5@gizmodo.com,Male,140.242.224.130
655,Mandi,Dudney,mdudneyi6@live.com,Female,134.95.168.41
656,Derron,Casari,dcasarii7@ftc.gov,Male,50.98.119.88
657,Rolando,Bleeze,rbleezei8@yahoo.com,Male,106.118.37.72
658,Alidia,Corday,acordayi9@geocities.jp,Female,247.125.149.246
659,Dud,Benion,dbenionia@constantcontact.com,Male,190.27.2.253
660,Maje,Ingliss,minglissib@nasa.gov,Non-binary,28.115.132.139
661,Susanne,Bayston,sbaystonic@mozilla.org,Female,139.106.167.86
662,Ossie,Shorto,oshortoid@cnet.com,Male,136.144.187.101
663,Muffin,Kingzeth,mkingzethie@blinklist.com,Female,53.221.205.73
664,Loralie,Wallen,lwallenif@infoseek.co.jp,Female,110.36.220.65
665,Leo,Dober,ldoberig@businessweek.com,Male,156.38.201.103
666,Alejandra,McGreil,amcgreilih@cocolog-nifty.com,Female,153.112.176.20
667,Fields,Connick,fconnickii@deliciousdays.com,Male,161.253.229.182
668,Cristine,Cropper,ccropperij@icq.com,Female,36.88.46.132
669,Essy,Lattos,elattosik@businessinsider.com,Female,78.147.155.104
670,Fulvia,Faill,ffaillil@ovh.net,Female,27.212.229.91
671,Starlene,Morrison,smorrisonim@smh.com.au,Female,30.50.95.185
672,Kelcey,Matei,kmateiin@blogtalkradio.com,Female,199.10.204.221
673,Dewain,Vase,dvaseio@sohu.com,Male,5.35.196.45
674,Ab,Blunn,ablunnip@cbslocal.com,Male,58.129.40.217
675,Cele,Hintze,chintzeiq@globo.com,Female,5.88.123.185
676,Jeralee,Maha,jmahair@bing.com,Female,190.131.200.101
677,Foss,Catlow,fcatlowis@mediafire.com,Male,184.160.93.117
678,Erma,Runcieman,erunciemanit@vistaprint.com,Bigender,28.171.210.191
679,Pierre,Hruska,phruskaiu@google.com.au,Male,84.236.47.34
680,Hillie,Mallord,hmallordiv@123-reg.co.uk,Male,242.6.211.162
681,Valle,Ivanilov,vivaniloviw@redcross.org,Polygender,11.191.218.176
682,Denney,McPeeters,dmcpeetersix@census.gov,Male,52.241.58.80
683,Hana,Olyunin,holyuniniy@wordpress.com,Female,5.225.214.8
684,Ilka,Leith,ileithiz@weibo.com,Female,64.90.49.60
685,Doria,Fewtrell,dfewtrellj0@mtv.com,Female,92.229.186.81
686,Xenia,Cory,xcoryj1@nasa.gov,Non-binary,26.33.68.221
687,Meryl,Brownsall,mbrownsallj2@shareasale.com,Female,96.57.86.151
688,Bartolemo,Nolder,bnolderj3@github.com,Male,137.103.32.229
689,Uri,Millier,umillierj4@cdbaby.com,Male,212.49.134.102
690,Rabi,Cudby,rcudbyj5@lycos.com,Male,95.40.107.25
691,Pegeen,Carrack,pcarrackj6@icio.us,Female,200.14.245.120
692,Reinhold,Markova,rmarkovaj7@prweb.com,Male,80.226.86.116
693,Tobin,Croft,tcroftj8@archive.org,Male,137.56.136.114
694,Sisely,Hallewell,shallewellj9@edublogs.org,Female,100.126.157.142
695,Brett,Haizelden,bhaizeldenja@alexa.com,Female,205.129.68.215
696,Edgardo,Zappel,ezappeljb@com.com,Male,232.118.82.189
697,Lulita,Grollmann,lgrollmannjc@tiny.cc,Female,226.161.170.1
698,Lesly,Hazeldean,lhazeldeanjd@skype.com,Female,102.137.199.165
699,Kristin,Mozzetti,kmozzettije@bandcamp.com,Female,74.118.58.91
700,Happy,Dussy,hdussyjf@usgs.gov,Female,241.198.206.38
701,Egor,Oslar,eoslarjg@shareasale.com,Male,59.80.89.81
702,Harbert,Mewton,hmewtonjh@ca.gov,Male,3.53.84.58
703,Wendell,Tallowin,wtallowinji@uol.com.br,Male,197.34.181.67
704,Geralda,Egar,gegarjj@51.la,Female,67.168.181.144
705,Callean,Shere,csherejk@4shared.com,Male,161.68.185.104
706,Ingemar,Jonin,ijoninjl@phoca.cz,Male,118.33.26.210
707,Donny,Niles,dnilesjm@mayoclinic.com,Male,228.13.194.7
708,Bastian,Gloucester,bgloucesterjn@shutterfly.com,Male,45.59.236.37
709,Cam,Baudou,cbaudoujo@google.it,Female,54.141.18.59
710,Fons,Eteen,feteenjp@tuttocitta.it,Male,154.61.143.252
711,Liza,Kinnin,lkinninjq@furl.net,Female,96.78.65.154
712,Reg,Aiston,raistonjr@linkedin.com,Male,38.144.172.82
713,Cristabel,Ianni,ciannijs@wp.com,Female,216.125.189.3
714,Peadar,Axtell,paxtelljt@discuz.net,Male,134.63.181.249
715,Marjory,Larmor,mlarmorju@zimbio.com,Female,103.125.0.79
716,Berne,Pochet,bpochetjv@cnet.com,Male,36.64.178.196
717,Leeann,Dargie,ldargiejw@mtv.com,Genderqueer,71.127.245.24
718,Andreana,Nolda,anoldajx@house.gov,Female,156.156.17.177
719,Bradford,Dwire,bdwirejy@free.fr,Male,20.127.68.91
720,Gilemette,Marzelle,gmarzellejz@shutterfly.com,Female,221.87.177.166
721,Herculie,Edeler,hedelerk0@sakura.ne.jp,Male,114.203.124.168
722,Floyd,Jirasek,fjirasekk1@ucla.edu,Polygender,88.34.123.249
723,Ignace,Salsberg,isalsbergk2@vistaprint.com,Male,97.38.244.14
724,Ripley,Cumine,rcuminek3@nih.gov,Male,41.84.195.214
725,Pietro,Flukes,pflukesk4@weather.com,Male,204.60.122.41
726,Lars,Easdon,leasdonk5@yale.edu,Male,157.196.222.94
727,Marga,Ecclestone,mecclestonek6@furl.net,Female,252.3.249.200
728,Odell,Faldo,ofaldok7@princeton.edu,Male,180.27.40.83
729,Wilburt,Stripp,wstrippk8@sbwire.com,Male,59.112.252.4
730,Elaine,Kerrigan,ekerrigank9@livejournal.com,Female,245.146.204.121
731,Gennie,Jansik,gjansikka@myspace.com,Female,178.207.240.209
732,Dalenna,Hoggetts,dhoggettskb@sohu.com,Female,160.106.42.21
733,Auguste,Monte,amontekc@wikipedia.org,Female,244.39.230.20
734,Mariele,Moston,mmostonkd@phoca.cz,Female,76.223.154.22
735,Jan,Hehir,jhehirke@patch.com,Female,101.114.9.250
736,Kassia,Maggs,kmaggskf@jalbum.net,Female,93.62.8.37
737,Davey,Crompton,dcromptonkg@va.gov,Male,2.73.94.250
738,Olag,Oldacre,ooldacrekh@aol.com,Male,62.179.232.240
739,Faustine,Haselgrove,fhaselgroveki@ibm.com,Female,88.170.132.105
740,Adel,Gainseford,againsefordkj@java.com,Female,116.161.154.65
741,Davida,Van Giffen,dvangiffenkk@about.com,Female,67.250.55.218
742,Davita,Willgress,dwillgresskl@umich.edu,Female,89.179.83.163
743,Hollyanne,Agirre,hagirrekm@hibu.com,Female,90.150.223.109
744,Zondra,Stooke,zstookekn@un.org,Female,244.117.192.46
745,Lanita,O'Leagham,loleaghamko@cornell.edu,Female,237.190.71.99
746,Desiree,Bolan,dbolankp@independent.co.uk,Female,28.151.128.169
747,Clayborn,Asipenko,casipenkokq@ca.gov,Male,8.53.85.162
748,Pacorro,Slateford,pslatefordkr@4shared.com,Male,45.107.99.172
749,Lyndy,Roache,lroacheks@guardian.co.uk,Female,164.254.56.213
750,Kellyann,Connochie,kconnochiekt@vistaprint.com,Female,53.104.189.172
751,Pennie,Lineen,plineenku@toplist.cz,Polygender,181.13.6.139
752,Marjory,Eley,meleykv@wikispaces.com,Female,94.91.78.103
753,Parnell,Pozzi,ppozzikw@weather.com,Male,51.107.113.147
754,Chadwick,Tempest,ctempestkx@kickstarter.com,Male,250.184.116.47
755,Robbie,Rome,rromeky@scribd.com,Female,231.104.205.137
756,Charis,Kunkel,ckunkelkz@jalbum.net,Female,243.73.24.141
757,Trina,Dales,tdalesl0@biglobe.ne.jp,Female,154.42.246.50
758,Kellina,Morphet,kmorphetl1@mapy.cz,Female,16.224.106.245
759,Seymour,Joannet,sjoannetl2@tripadvisor.com,Male,195.165.160.97
760,Kesley,Malins,kmalinsl3@ted.com,Agender,160.96.159.225
761,Kit,Banbrook,kbanbrookl4@home.pl,Bigender,54.86.65.149
762,Rinaldo,Cawsy,rcawsyl5@kickstarter.com,Male,9.138.102.131
763,Brose,Standbridge,bstandbridgel6@msu.edu,Male,232.154.250.208
764,Conant,Winterbotham,cwinterbothaml7@jugem.jp,Male,104.177.31.190
765,Kare,Workes,kworkesl8@mac.com,Female,111.225.134.210
766,Pansie,Burgum,pburguml9@php.net,Female,50.39.226.63
767,Irving,Prestage,iprestagela@blogs.com,Male,214.39.104.109
768,Jamaal,Letixier,jletixierlb@rambler.ru,Male,184.37.242.133
769,Shirleen,Kirton,skirtonlc@independent.co.uk,Female,3.254.44.41
770,Marlene,Norcliff,mnorcliffld@marriott.com,Female,165.61.255.24
771,Antonina,Esparza,aesparzale@de.vu,Female,18.48.106.144
772,Moll,Pearson,mpearsonlf@earthlink.net,Female,78.219.103.18
773,Alberto,Formilli,aformillilg@microsoft.com,Male,128.107.191.109
774,Mavra,Murrells,mmurrellslh@yolasite.com,Female,58.232.150.131
775,Jacklyn,Boulsher,jboulsherli@angelfire.com,Female,64.109.104.226
776,Dyanna,Keemer,dkeemerlj@comsenz.com,Female,38.28.126.5
777,Jermayne,Vian,jvianlk@altervista.org,Male,44.33.163.130
778,Marilee,Battey,mbatteyll@ustream.tv,Female,100.190.107.25
779,Eldridge,Rogeon,erogeonlm@ft.com,Male,201.37.220.68
780,Seymour,Wareham,swarehamln@umn.edu,Male,214.12.222.243
781,Quintus,Rattenberie,qrattenberielo@webmd.com,Male,44.17.26.212
782,Ileane,Lardge,ilardgelp@mysql.com,Female,50.211.238.166
783,Kimbell,Ahrens,kahrenslq@alibaba.com,Male,71.216.179.102
784,Gwennie,Goaks,ggoakslr@prlog.org,Agender,210.10.126.198
785,Shelia,Caldeiro,scaldeirols@home.pl,Female,125.61.1.164
786,Deloria,Muddimer,dmuddimerlt@upenn.edu,Female,173.156.152.112
787,Mikkel,Wakes,mwakeslu@t.co,Genderfluid,26.25.190.116
788,Libbi,Bantock,lbantocklv@phpbb.com,Female,187.151.198.158
789,Andris,Pettit,apettitlw@istockphoto.com,Male,232.134.41.7
790,Randa,Wabb,rwabblx@i2i.jp,Female,9.9.121.100
791,Ilysa,Fortune,ifortunely@marketwatch.com,Female,155.138.28.255
792,Dinah,Tattersfield,dtattersfieldlz@state.tx.us,Female,248.214.61.3
793,Danya,Rowett,drowettm0@oakley.com,Female,62.73.196.52
794,Evaleen,Tupper,etupperm1@shop-pro.jp,Female,211.218.70.162
795,Merilee,Caverhill,mcaverhillm2@a8.net,Female,60.238.29.121
796,Marylynne,Ingrey,mingreym3@yahoo.co.jp,Female,188.187.30.109
797,Shaine,Hackwell,shackwellm4@surveymonkey.com,Male,169.16.92.211
798,Jordan,Woodberry,jwoodberrym5@independent.co.uk,Male,174.216.169.73
799,Marilin,Pietsma,mpietsmam6@sitemeter.com,Female,88.28.98.3
800,Morly,Hindmore,mhindmorem7@mail.ru,Male,158.80.168.171
801,Cash,Janc,cjancm8@cbc.ca,Male,237.60.220.180
802,Zsa zsa,Roberti,zrobertim9@ca.gov,Female,56.214.84.231
803,Nadia,Nuemann,nnuemannma@jiathis.com,Female,53.9.176.182
804,Dania,Simcox,dsimcoxmb@imageshack.us,Female,126.49.140.237
805,Sebastien,Jacobsson,sjacobssonmc@army.mil,Male,146.129.89.86
806,Riley,Boater,rboatermd@homestead.com,Male,190.206.111.192
807,Ryan,Gammie,rgammieme@stumbleupon.com,Genderfluid,206.45.160.75
808,Gratiana,Greenroyd,ggreenroydmf@cnet.com,Female,247.143.126.125
809,Margarete,Alabone,malabonemg@cnet.com,Genderqueer,116.235.191.56
810,Nona,Cassley,ncassleymh@bbc.co.uk,Female,148.246.84.235
811,Kathleen,Craggs,kcraggsmi@hostgator.com,Female,211.240.43.129
812,Dorette,Rebichon,drebichonmj@dmoz.org,Non-binary,65.239.17.161
813,Ardys,Bernardelli,abernardellimk@google.ca,Female,70.144.107.182
814,Orsa,Mountfort,omountfortml@alexa.com,Female,136.103.229.66
815,Giacomo,Dunkley,gdunkleymm@cloudflare.com,Male,133.194.249.35
816,Laurie,Clatworthy,lclatworthymn@mapy.cz,Genderqueer,169.24.48.88
817,Lani,Netherclift,lnethercliftmo@surveymonkey.com,Non-binary,213.87.17.51
818,Sherrie,Richold,sricholdmp@jalbum.net,Female,235.9.5.15
819,Tracie,Fluger,tflugermq@meetup.com,Male,57.118.251.156
820,Celisse,Tyndall,ctyndallmr@seesaa.net,Female,56.55.148.72
821,Zack,Nuton,znutonms@bing.com,Non-binary,240.64.35.96
822,Scottie,Crisp,scrispmt@xrea.com,Male,48.8.34.191
823,Vinnie,Paliser,vpalisermu@1und1.de,Male,106.237.201.48
824,Shaylah,Done,sdonemv@blogs.com,Female,137.219.201.135
825,Raddie,Gutowski,rgutowskimw@uiuc.edu,Male,55.63.169.217
826,Fidole,Rigby,frigbymx@answers.com,Male,223.228.37.222
827,Georgianna,Orange,gorangemy@acquirethisname.com,Female,231.136.57.61
828,Forrester,Gyse,fgysemz@statcounter.com,Male,49.42.219.232
829,Nelia,Basso,nbasson0@patch.com,Female,177.69.81.155
830,Garret,Anstead,gansteadn1@walmart.com,Male,254.225.71.76
831,Mart,Brendel,mbrendeln2@mozilla.org,Male,176.8.231.236
832,Rikki,Tomasicchio,rtomasicchion3@imgur.com,Male,47.172.5.202
833,Andrea,Dunklee,adunkleen4@nydailynews.com,Male,85.140.4.119
834,Francois,Kaasman,fkaasmann5@google.com.br,Male,244.104.1.73
835,Verene,Ockland,vocklandn6@squarespace.com,Female,123.130.167.155
836,Millard,Digby,mdigbyn7@mayoclinic.com,Male,79.34.179.44
837,Harlin,Flanaghan,hflanaghann8@bbc.co.uk,Male,91.240.145.62
838,Cory,Orchard,corchardn9@loc.gov,Female,108.212.48.218
839,Upton,Dawton,udawtonna@ucla.edu,Male,237.80.144.74
840,Elsi,Mallender,emallendernb@wikimedia.org,Female,29.30.251.101
841,Corbin,Bristowe,cbristowenc@opera.com,Male,72.20.181.87
842,Marietta,Crowcombe,mcrowcombend@berkeley.edu,Female,16.70.183.143
843,Slade,Capelle,scapellene@va.gov,Male,204.21.52.69
844,Bessy,Cason,bcasonnf@pagesperso-orange.fr,Non-binary,131.122.212.135
845,Livvie,Arnefield,larnefieldng@intel.com,Female,187.81.124.153
846,Leroy,Slorach,lslorachnh@desdev.cn,Male,122.62.220.58
847,Lesly,Godfroy,lgodfroyni@cafepress.com,Female,239.139.162.77
848,Darren,O'Toole,dotoolenj@simplemachines.org,Male,145.15.235.35
849,Otes,Pennyman,opennymannk@slashdot.org,Non-binary,244.226.251.201
850,Bren,Kimbly,bkimblynl@elegantthemes.com,Male,222.101.8.191
851,Marsh,Calverd,mcalverdnm@ebay.com,Male,249.227.168.124
852,Orv,McQuin,omcquinnn@csmonitor.com,Male,205.71.78.94
853,Franklyn,Mulqueen,fmulqueenno@freewebs.com,Male,190.133.102.28
854,Celestine,Stainland,cstainlandnp@google.co.uk,Female,41.6.32.32
855,Marjie,O'Cahill,mocahillnq@usgs.gov,Female,114.218.128.43
856,Nari,Mayers,nmayersnr@stumbleupon.com,Female,228.140.68.228
857,Codi,Kobpa,ckobpans@last.fm,Male,60.150.136.158
858,Valle,Kneaphsey,vkneaphseynt@imageshack.us,Male,186.17.111.174
859,Antonie,Sicha,asichanu@sfgate.com,Female,74.252.24.21
860,Birgit,Feben,bfebennv@ustream.tv,Female,225.61.80.40
861,Felisha,Fairest,ffairestnw@buzzfeed.com,Female,43.95.55.236
862,Ezri,Gallahar,egallaharnx@trellian.com,Male,129.192.178.252
863,Daisey,Huckfield,dhuckfieldny@vkontakte.ru,Female,34.187.98.39
864,Meggy,Lechmere,mlechmerenz@blogspot.com,Female,93.98.11.203
865,Jerry,Crichton,jcrichtono0@psu.edu,Female,224.119.177.6
866,Rance,Seckington,rseckingtono1@dmoz.org,Male,51.199.142.157
867,Diann,Speechley,dspeechleyo2@amazon.com,Female,243.169.56.20
868,Taber,Leebetter,tleebettero3@toplist.cz,Male,122.168.100.31
869,Cilka,Durek,cdureko4@macromedia.com,Female,75.98.171.70
870,Dar,Grossier,dgrossiero5@theglobeandmail.com,Male,224.179.123.241
871,Witty,Bugdale,wbugdaleo6@youtube.com,Male,36.24.250.140
872,Candi,Maryin,cmaryino7@earthlink.net,Agender,31.200.125.193
873,Orrin,Cisec,ociseco8@w3.org,Polygender,39.166.211.142
874,Vanna,Skatcher,vskatchero9@51.la,Female,176.161.130.41
875,Jacques,Hambrook,jhambrookoa@aboutads.info,Male,255.55.240.151
876,Jorry,Witherdon,jwitherdonob@wufoo.com,Female,8.28.100.208
877,Mona,Aleshkov,maleshkovoc@amazon.co.jp,Non-binary,118.32.12.35
878,Cicily,Kiggel,ckiggelod@scribd.com,Female,13.247.3.223
879,Fernande,Foulgham,ffoulghamoe@wufoo.com,Female,170.131.126.151
880,Arvy,Beeke,abeekeof@gmpg.org,Male,99.225.248.81
881,Shaw,Dovermann,sdovermannog@homestead.com,Male,71.49.34.155
882,Abbot,Fanning,afanningoh@51.la,Genderfluid,171.247.139.40
883,Nan,Sindle,nsindleoi@imageshack.us,Female,139.24.149.86
884,Gwenora,Maydway,gmaydwayoj@lulu.com,Non-binary,82.153.158.53
885,Gordan,Brawn,gbrawnok@nature.com,Male,79.118.17.119
886,Ludovico,Haborn,lhabornol@miitbeian.gov.cn,Male,131.50.185.180
887,Bathsheba,Carlino,bcarlinoom@wordpress.com,Female,195.180.222.62
888,Cirillo,Strother,cstrotheron@sphinn.com,Male,135.92.245.151
889,Aimil,Bulter,abulteroo@csmonitor.com,Female,18.173.153.68
890,Grange,Dicty,gdictyop@blog.com,Male,165.163.166.57
891,Morgen,Tyson,mtysonoq@mtv.com,Male,219.245.244.52
892,Denys,Matzke,dmatzkeor@mlb.com,Male,99.110.62.185
893,Cecil,Sawdy,csawdyos@booking.com,Female,31.237.79.27
894,Xymenes,Korba,xkorbaot@slashdot.org,Male,86.18.19.175
895,Korella,Mains,kmainsou@va.gov,Female,55.132.8.61
896,Imelda,Colson,icolsonov@ihg.com,Female,70.71.56.26
897,Roxanne,Durman,rdurmanow@hc360.com,Female,51.108.223.217
898,Gizela,Bautiste,gbautisteox@acquirethisname.com,Female,211.2.124.230
899,Pat,Le Gassick,plegassickoy@360.cn,Female,64.9.221.88
900,Solly,Haycock,shaycockoz@yolasite.com,Male,156.220.253.43
901,Currey,Sarath,csarathp0@tripadvisor.com,Male,2.254.173.226
902,Hetty,Pakes,hpakesp1@howstuffworks.com,Female,66.116.60.39
903,Malissa,Bernhard,mbernhardp2@imageshack.us,Female,142.107.54.86
904,Milton,Duham,mduhamp3@huffingtonpost.com,Male,133.156.97.154
905,Pauly,Slatten,pslattenp4@who.int,Genderfluid,76.86.102.230
906,Vale,Botwood,vbotwoodp5@delicious.com,Female,183.18.229.156
907,Wendeline,Robertot,wrobertotp6@newyorker.com,Female,194.187.152.162
908,Jared,Lantiff,jlantiffp7@tiny.cc,Male,52.249.150.133
909,Pandora,Bernardeschi,pbernardeschip8@oracle.com,Non-binary,88.253.33.233
910,Darcy,Winsom,dwinsomp9@bloglovin.com,Female,14.157.236.231
911,Perri,Danielsohn,pdanielsohnpa@slideshare.net,Female,18.42.194.78
912,Angeline,Wiltshier,awiltshierpb@elpais.com,Female,201.53.70.176
913,Arvie,Oag,aoagpc@businesswire.com,Male,82.83.228.33
914,Jenica,Rigney,jrigneypd@who.int,Female,65.74.56.194
915,Lorrie,Longmore,llongmorepe@sitemeter.com,Male,134.4.243.53
916,Elia,Hodge,ehodgepf@google.es,Male,248.19.27.48
917,Willard,Tourle,wtourlepg@networkadvertising.org,Male,146.50.98.237
918,Fionna,Charkham,fcharkhamph@seattletimes.com,Female,49.185.108.252
919,Domingo,Dallaway,ddallawaypi@scientificamerican.com,Male,185.57.209.105
920,Lance,Giddings,lgiddingspj@foxnews.com,Male,107.7.196.206
921,Oswell,Faughey,ofaugheypk@is.gd,Male,142.152.217.60
922,Nadine,Crix,ncrixpl@shop-pro.jp,Female,137.9.35.52
923,Cozmo,Girardez,cgirardezpm@geocities.com,Male,215.8.151.251
924,Harland,Mackieson,hmackiesonpn@godaddy.com,Male,222.176.249.159
925,Daphene,Nend,dnendpo@arizona.edu,Female,36.138.169.160
926,Minor,Rosettini,mrosettinipp@creativecommons.org,Male,143.193.145.105
927,Montgomery,Wilkins,mwilkinspq@freewebs.com,Male,192.49.192.238
928,Jemmie,Winning,jwinningpr@barnesandnoble.com,Female,150.1.154.240
929,Filberte,Proughten,fproughtenps@wisc.edu,Male,10.182.64.130
930,Aubry,Draude,adraudept@sourceforge.net,Bigender,54.153.242.15
931,Charisse,Brinsford,cbrinsfordpu@shareasale.com,Female,166.163.51.35
932,Michele,Birkinshaw,mbirkinshawpv@a8.net,Male,15.232.216.53
933,Catlin,Blackesland,cblackeslandpw@imgur.com,Female,247.188.86.252
934,Gillian,Yvon,gyvonpx@networkadvertising.org,Female,132.62.153.171
935,Rem,Mcall,rmcallpy@hibu.com,Male,53.152.71.53
936,Maribeth,O' Ronan,moronanpz@columbia.edu,Female,107.145.203.232
937,Christean,Darthe,cdartheq0@icio.us,Female,85.22.47.138
938,Aurelea,Ingreda,aingredaq1@t-online.de,Female,134.153.246.132
939,Kelcie,Aimeric,kaimericq2@eventbrite.com,Female,231.80.75.231
940,Lawrence,Janauschek,ljanauschekq3@nasa.gov,Male,144.53.84.69
941,Kenn,Cantero,kcanteroq4@chicagotribune.com,Genderfluid,231.212.137.212
942,Vannie,Blew,vblewq5@weebly.com,Female,243.232.241.223
943,Ferris,Champken,fchampkenq6@mayoclinic.com,Male,6.218.173.31
944,Royal,Gunthorpe,rgunthorpeq7@mtv.com,Male,203.72.59.142
945,Alane,Bladesmith,abladesmithq8@samsung.com,Female,186.167.236.78
946,Pippa,McClintock,pmcclintockq9@nationalgeographic.com,Female,112.66.92.129
947,Ive,Kesby,ikesbyqa@canalblog.com,Male,63.72.134.143
948,Katherine,Yousef,kyousefqb@ted.com,Female,35.157.79.143
949,Had,Brundall,hbrundallqc@gizmodo.com,Male,28.225.161.40
950,Aluino,Allflatt,aallflattqd@surveymonkey.com,Male,150.231.226.244
951,Harriet,Junes,hjunesqe@webeden.co.uk,Female,119.95.109.209
952,Flor,Petlyura,fpetlyuraqf@php.net,Female,133.42.126.17
953,Horton,Curnick,hcurnickqg@digg.com,Agender,24.5.252.132
954,Wylie,Gladeche,wgladecheqh@examiner.com,Male,234.183.23.199
955,Giff,Corkett,gcorkettqi@is.gd,Male,122.36.55.115
956,Lazaro,Smithson,lsmithsonqj@oakley.com,Male,20.115.48.250
957,Ethel,Alvarez,ealvarezqk@yale.edu,Female,117.14.30.232
958,Renie,Whaley,rwhaleyql@dailymotion.com,Female,179.61.194.51
959,Burnard,Leckie,bleckieqm@nps.gov,Male,168.55.73.28
960,Elvyn,Weich,eweichqn@ucsd.edu,Male,185.48.102.48
961,Randie,Ivamy,rivamyqo@intel.com,Female,242.228.18.156
962,Darrel,Keoghan,dkeoghanqp@yolasite.com,Male,57.130.240.175
963,Trixi,Reditt,tredittqq@mtv.com,Female,39.168.187.176
964,Granger,Yesinov,gyesinovqr@shutterfly.com,Male,173.90.45.137
965,Burg,Bradburn,bbradburnqs@digg.com,Male,251.30.228.212
966,Agace,Cleeve,acleeveqt@youtube.com,Genderqueer,76.89.102.39
967,Richie,Yele,ryelequ@sakura.ne.jp,Male,38.79.76.149
968,Kaycee,Linsay,klinsayqv@sbwire.com,Female,157.193.92.36
969,Ogdan,Motten,omottenqw@cafepress.com,Male,73.36.246.198
970,Laural,Seivwright,lseivwrightqx@live.com,Female,82.252.123.141
971,Cecilio,Deniscke,cdenisckeqy@army.mil,Bigender,195.6.169.184
972,Octavia,Veighey,oveigheyqz@mapquest.com,Female,42.120.164.50
973,Carree,Darleston,cdarlestonr0@soup.io,Female,15.40.239.237
974,Nona,MacDuff,nmacduffr1@zimbio.com,Female,37.168.128.43
975,Robin,Cod,rcodr2@jugem.jp,Female,155.83.93.70
976,Brigit,McGrey,bmcgreyr3@abc.net.au,Female,227.150.188.254
977,Sherilyn,Betty,sbettyr4@lycos.com,Female,130.184.152.206
978,Terrijo,Dadge,tdadger5@angelfire.com,Female,208.108.128.14
979,Dallis,Smythe,dsmyther6@dagondesign.com,Male,157.219.76.54
980,Leroi,Cordeix,lcordeixr7@google.pl,Male,31.126.196.186
981,Lizzy,Frunks,lfrunksr8@feedburner.com,Female,132.208.208.0
982,Farlee,Bakhrushkin,fbakhrushkinr9@google.pl,Male,226.184.145.176
983,Cathi,Domingues,cdominguesra@nyu.edu,Female,152.1.162.24
984,Winona,Thorrold,wthorroldrb@china.com.cn,Female,69.55.49.61
985,Simeon,Bartelet,sbarteletrc@princeton.edu,Male,190.10.7.201
986,Burk,Boscott,bboscottrd@feedburner.com,Male,39.238.76.159
987,Ruthanne,Murrish,rmurrishre@smh.com.au,Female,240.123.227.67
988,Ferdy,Scutchings,fscutchingsrf@ucoz.ru,Male,24.141.35.55
989,Fremont,Mainland,fmainlandrg@webs.com,Male,246.127.35.100
990,Robinet,Ducaen,rducaenrh@ucoz.ru,Male,13.4.105.241
991,Judie,Argyle,jargyleri@people.com.cn,Female,88.0.157.49
992,Gratia,Rawcliff,grawcliffrj@globo.com,Non-binary,120.172.212.1
993,Amii,Greenless,agreenlessrk@prlog.org,Female,235.93.175.152
994,Torey,Lockyer,tlockyerrl@purevolume.com,Female,171.109.120.30
995,Tadeo,Goodings,tgoodingsrm@ustream.tv,Male,221.119.168.2
996,Stefano,Bryer,sbryerrn@soundcloud.com,Male,25.11.136.239
997,Brodie,Hovenden,bhovendenro@webmd.com,Male,18.187.31.225
998,Fidole,Brothers,fbrothersrp@ox.ac.uk,Male,105.57.119.2
999,Juliana,Hudghton,jhudghtonrq@slashdot.org,Female,63.73.155.119
1000,Stevana,Kasher,skasherrr@state.tx.us,Female,171.221.87.172
